{"cameraMode":{"drawMode":0,"name":"Shaded","section":"Shading Mode"},"sceneLighting":true,"audioPlay":false,"sceneViewState":{"showFog":true,"showMaterialUpdate":false,"showSkybox":true,"showFlares":true,"showImageEffects":true,"showParticleSystems":true},"in2DMode":false,"pivot":{"x":-5.0380859375,"y":0.8670654296875,"z":0.472015380859375},"rotation":{"x":-0.0667753666639328,"y":0.9086781144142151,"z":-0.158476784825325,"w":-0.380737841129303},"size":1.5372759103775025,"orthographic":true}