{"cameraMode":{"drawMode":0,"name":"Shaded","section":"Shading Mode"},"sceneLighting":true,"audioPlay":false,"sceneViewState":{"showFog":true,"showMaterialUpdate":false,"showSkybox":true,"showFlares":true,"showImageEffects":true,"showParticleSystems":true},"in2DMode":false,"pivot":{"x":-6.1671929359436039,"y":1.029336929321289,"z":0.58819580078125},"rotation":{"x":0.03189801424741745,"y":-0.9680087566375732,"z":0.1827584207057953,"w":0.16895298659801484},"size":2.0527920722961427,"orthographic":true}