{"cameraMode":{"drawMode":0,"name":"Shaded","section":"Shading Mode"},"sceneLighting":false,"audioPlay":false,"sceneViewState":{"showFog":true,"showMaterialUpdate":false,"showSkybox":false,"showFlares":true,"showImageEffects":true,"showParticleSystems":true},"in2DMode":false,"pivot":{"x":-6.66192626953125,"y":1.0689697265625,"z":-0.08172607421875},"rotation":{"x":-0.006487893871963024,"y":-0.7153083682060242,"z":0.006675350945442915,"w":-0.6987696886062622},"size":0.30314144492149355,"orthographic":true}