{"cameraMode":{"drawMode":0,"name":"Shaded","section":"Shading Mode"},"sceneLighting":true,"audioPlay":false,"sceneViewState":{"showFog":true,"showMaterialUpdate":false,"showSkybox":true,"showFlares":true,"showImageEffects":true,"showParticleSystems":true},"in2DMode":false,"pivot":{"x":-6.77557373046875,"y":1.0885009765625,"z":-0.0201873779296875},"rotation":{"x":-0.12187580019235611,"y":-0.7491076588630676,"z":0.14375947415828706,"w":-0.635079026222229},"size":0.18517239391803742,"orthographic":true}