{"cameraMode":{"drawMode":0,"name":"Shaded","section":"Shading Mode"},"sceneLighting":true,"audioPlay":false,"sceneViewState":{"showFog":true,"showMaterialUpdate":false,"showSkybox":true,"showFlares":true,"showImageEffects":true,"showParticleSystems":true},"in2DMode":false,"pivot":{"x":-5.68109130859375,"y":0.9697723388671875,"z":-0.377655029296875},"rotation":{"x":0.16583457589149476,"y":-0.37810465693473818,"z":0.0690227821469307,"w":0.9081857800483704},"size":0.3446616530418396,"orthographic":true}