{"cameraMode":{"drawMode":0,"name":"Shaded","section":"Shading Mode"},"sceneLighting":true,"audioPlay":false,"sceneViewState":{"showFog":true,"showMaterialUpdate":false,"showSkybox":true,"showFlares":true,"showImageEffects":true,"showParticleSystems":true},"in2DMode":false,"pivot":{"x":-6.161590576171875,"y":1.004486083984375,"z":0.6260986328125},"rotation":{"x":0.001064246753230691,"y":-0.9974706172943115,"z":0.06953858584165573,"w":0.015259006060659886},"size":1.0985113382339478,"orthographic":true}