{"cameraMode":{"drawMode":0,"name":"Shaded","section":"Shading Mode"},"sceneLighting":true,"audioPlay":false,"sceneViewState":{"showFog":true,"showMaterialUpdate":false,"showSkybox":true,"showFlares":true,"showImageEffects":true,"showParticleSystems":true},"in2DMode":false,"pivot":{"x":-6.399829864501953,"y":0.9286416172981262,"z":0.04986802488565445},"rotation":{"x":-0.1479179561138153,"y":-0.6862920522689819,"z":0.1456429362297058,"w":-0.6970940828323364},"size":1.027425765991211,"orthographic":false}