{"cameraMode":{"drawMode":0,"name":"Shaded","section":"Shading Mode"},"sceneLighting":true,"audioPlay":false,"sceneViewState":{"showFog":true,"showMaterialUpdate":false,"showSkybox":true,"showFlares":true,"showImageEffects":true,"showParticleSystems":true},"in2DMode":false,"pivot":{"x":-6.3492431640625,"y":1.102691650390625,"z":0.27545166015625},"rotation":{"x":-0.33975178003311159,"y":-0.5584668517112732,"z":0.2681386470794678,"w":-0.7076961398124695},"size":0.6140156984329224,"orthographic":true}