{"cameraMode":{"drawMode":0,"name":"Shaded","section":"Shading Mode"},"sceneLighting":true,"audioPlay":false,"sceneViewState":{"showFog":true,"showMaterialUpdate":false,"showSkybox":true,"showFlares":true,"showImageEffects":true,"showParticleSystems":true},"in2DMode":false,"pivot":{"x":-5.349197864532471,"y":1.2070701122283936,"z":0.46453315019607546},"rotation":{"x":-0.0009098483133129776,"y":-0.9756618738174439,"z":0.2193067967891693,"w":-0.0041037979535758499},"size":1.042116403579712,"orthographic":false}