{"cameraMode":{"drawMode":0,"name":"Shaded","section":"Shading Mode"},"sceneLighting":false,"audioPlay":false,"sceneViewState":{"showFog":true,"showMaterialUpdate":false,"showSkybox":false,"showFlares":true,"showImageEffects":true,"showParticleSystems":true},"in2DMode":false,"pivot":{"x":-6.6214823722839359,"y":1.0024367570877076,"z":0.05455993115901947},"rotation":{"x":-0.4291057288646698,"y":-0.477373868227005,"z":0.28833168745040896,"w":-0.7105470895767212},"size":0.3730088770389557,"orthographic":false}