{"cameraMode":{"drawMode":0,"name":"Shaded","section":"Shading Mode"},"sceneLighting":true,"audioPlay":false,"sceneViewState":{"showFog":true,"showMaterialUpdate":false,"showSkybox":true,"showFlares":true,"showImageEffects":true,"showParticleSystems":true},"in2DMode":false,"pivot":{"x":-5.77001953125,"y":1.0492324829101563,"z":0.374542236328125},"rotation":{"x":0.1864785999059677,"y":-0.7192796468734741,"z":0.21119588613510133,"w":0.6350569725036621},"size":0.9998018145561218,"orthographic":true}