{"cameraMode":{"drawMode":0,"name":"Shaded","section":"Shading Mode"},"sceneLighting":true,"audioPlay":false,"sceneViewState":{"showFog":true,"showMaterialUpdate":false,"showSkybox":true,"showFlares":true,"showImageEffects":true,"showParticleSystems":true},"in2DMode":false,"pivot":{"x":-6.448755741119385,"y":0.657907247543335,"z":1.8100284337997437},"rotation":{"x":-0.09038474410772324,"y":-0.7786452770233154,"z":0.11567673087120056,"w":-0.6103009581565857},"size":3.8194077014923097,"orthographic":false}