{"cameraMode":{"drawMode":0,"name":"Shaded","section":"Shading Mode"},"sceneLighting":true,"audioPlay":false,"sceneViewState":{"showFog":true,"showMaterialUpdate":false,"showSkybox":true,"showFlares":true,"showImageEffects":true,"showParticleSystems":true},"in2DMode":false,"pivot":{"x":-7.385502815246582,"y":-0.7152881622314453,"z":-1.2437105178833008},"rotation":{"x":0.10546066612005234,"y":-0.8939816355705261,"z":0.2904118001461029,"w":0.32460013031959536},"size":5.579137325286865,"orthographic":false}