{"cameraMode":{"drawMode":0,"name":"Shaded","section":"Shading Mode"},"sceneLighting":true,"audioPlay":false,"sceneViewState":{"showFog":true,"showMaterialUpdate":false,"showSkybox":true,"showFlares":true,"showImageEffects":true,"showParticleSystems":true},"in2DMode":false,"pivot":{"x":-5.6936259269714359,"y":0.7443311214447022,"z":0.22079265117645265},"rotation":{"x":0.018401671200990678,"y":-0.9631819725036621,"z":0.25942909717559817,"w":0.06830377131700516},"size":1.1732378005981446,"orthographic":false}