{"cameraMode":{"drawMode":0,"name":"Shaded","section":"Shading Mode"},"sceneLighting":true,"audioPlay":false,"sceneViewState":{"showFog":true,"showMaterialUpdate":false,"showSkybox":true,"showFlares":true,"showImageEffects":true,"showParticleSystems":true},"in2DMode":false,"pivot":{"x":-6.223616600036621,"y":0.9342640042304993,"z":0.18490660190582276},"rotation":{"x":0.018401671200990678,"y":-0.9631819725036621,"z":0.25942909717559817,"w":0.06830377131700516},"size":1.786789894104004,"orthographic":false}