{"cameraMode":{"drawMode":0,"name":"Shaded","section":"Shading Mode"},"sceneLighting":false,"audioPlay":false,"sceneViewState":{"showFog":true,"showMaterialUpdate":false,"showSkybox":false,"showFlares":true,"showImageEffects":true,"showParticleSystems":true},"in2DMode":false,"pivot":{"x":-6.66192626953125,"y":1.0689697265625,"z":-0.08172607421875},"rotation":{"x":-0.0869804322719574,"y":-0.7015331387519836,"z":0.08696576207876206,"w":-0.70196533203125},"size":0.30314144492149355,"orthographic":true}