{"cameraMode":{"drawMode":0,"name":"Shaded","section":"Shading Mode"},"sceneLighting":true,"audioPlay":false,"sceneViewState":{"showFog":true,"showMaterialUpdate":false,"showSkybox":true,"showFlares":true,"showImageEffects":true,"showParticleSystems":true},"in2DMode":false,"pivot":{"x":-6.81121826171875,"y":1.09344482421875,"z":0.29270172119140627},"rotation":{"x":-0.15687546133995057,"y":-0.6463547945022583,"z":0.13817301392555238,"w":-0.7338468432426453},"size":0.36180421710014346,"orthographic":true}