{"cameraMode":{"drawMode":0,"name":"Shaded","section":"Shading Mode"},"sceneLighting":true,"audioPlay":false,"sceneViewState":{"showFog":true,"showMaterialUpdate":true,"showSkybox":true,"showFlares":true,"showImageEffects":true,"showParticleSystems":true},"in2DMode":false,"pivot":{"x":-6.53272008895874,"y":0.6522804498672485,"z":0.09551697969436646},"rotation":{"x":0.027339192107319833,"y":0.954283595085144,"z":-0.2830159068107605,"w":0.09218202531337738},"size":3.0042903423309328,"orthographic":false}